slide_id,Y,Y_hat,p_0,p_1
BONE_1_F51_1_1,1.0,0.0,0.6521072387695312,0.34789273142814636
BONE_1_F51_1_2,1.0,0.0,0.6163251399993896,0.38367488980293274
BONE_1_F51_2_1,1.0,0.0,0.8929965496063232,0.10700343549251556
BONE_1_F51_2_2,1.0,0.0,0.9196541905403137,0.08034583926200867
BONE_1_F51_2_3,1.0,0.0,0.8978620767593384,0.10213789343833923
BONE_1_F51_2_4,1.0,0.0,0.915764331817627,0.08423569053411484
