slide_id,Y,Y_hat,p_0,p_1
BONE_3_F56_11_1,1.0,0.0,0.9996248483657837,0.0003751409240067005
BONE_3_F56_11_2,1.0,0.0,0.9997914433479309,0.00020855649199802428
BONE_3_F56_11_3,1.0,0.0,0.9999454021453857,5.463479828904383e-05
BONE_3_F56_1_1,1.0,0.0,0.9997897744178772,0.00021018988627474755
BONE_3_F56_1_2,1.0,0.0,0.9999216794967651,7.826656656106934e-05
BONE_3_F56_8_1,1.0,0.0,0.9995326995849609,0.0004673405201174319
BONE_3_F56_8_2,1.0,0.0,0.9820870161056519,0.01791297271847725
BONE_3_F56_9_1,1.0,0.0,0.9893609881401062,0.010638980194926262
BONE_3_F56_9_2,1.0,0.0,0.9852496981620789,0.014750316739082336
