,folds,test_auc,test_acc
0,0,-1,0.0
1,1,-1,0.6
2,2,-1,0.0
3,3,-1,0.92
4,4,-1,0.5555555555555556
5,5,-1,1.0
6,6,-1,0.5833333333333333
7,7,-1,0.625
8,8,-1,0.0
9,9,-1,0.375
10,10,-1,0.16666666666666663
11,11,-1,1.0
12,12,-1,0.9166666666666666
13,13,-1,0.6666666666666667
14,14,-1,1.0
