slide_id,Y,Y_hat,p_0,p_1
BONE_1_F51_1_1,1.0,0.0,0.7025090456008911,0.2974909245967865
BONE_1_F51_1_2,1.0,0.0,0.5336912274360657,0.4663087725639343
BONE_1_F51_2_1,1.0,0.0,0.8695881962776184,0.1304117888212204
BONE_1_F51_2_2,1.0,0.0,0.9068260788917542,0.09317395091056824
BONE_1_F51_2_3,1.0,0.0,0.8806960582733154,0.11930391192436218
BONE_1_F51_2_4,1.0,0.0,0.892120361328125,0.1078796535730362
