slide_id,Y,Y_hat,p_0,p_1
BONE_3_F56_11_1,1.0,0.0,0.999995231628418,4.757555871037766e-06
BONE_3_F56_11_2,1.0,0.0,0.9999955892562866,4.383419309306191e-06
BONE_3_F56_11_3,1.0,0.0,0.9999984502792358,1.5425937363033881e-06
BONE_3_F56_1_1,1.0,0.0,0.9999736547470093,2.6303152480977587e-05
BONE_3_F56_1_2,1.0,0.0,0.9999964237213135,3.6011417705594795e-06
BONE_3_F56_8_1,1.0,0.0,0.9999834299087524,1.6530697394046e-05
BONE_3_F56_8_2,1.0,0.0,0.9996315240859985,0.0003684296098072082
BONE_3_F56_9_1,1.0,0.0,0.9988744854927063,0.0011255398858338594
BONE_3_F56_9_2,1.0,0.0,0.9982378482818604,0.0017621507868170738
