,folds,test_auc,test_acc
0,0,-1,0.0
1,1,-1,0.85
2,2,-1,0.0
3,3,-1,0.92
4,4,-1,0.5185185185185186
5,5,-1,1.0
6,6,-1,0.7083333333333333
7,7,-1,0.875
8,8,-1,0.0
9,9,-1,0.25
10,10,-1,0.5416666666666667
11,11,-1,0.8333333333333334
12,12,-1,0.7916666666666666
13,13,-1,1.0
14,14,-1,1.0
