,folds,test_auc,test_acc
0,0,0.7653508771929824,0.6935483870967742
1,1,0.7160493827160495,0.6
2,2,0.9985507246376812,0.7924528301886793
3,3,0.956268221574344,0.5
4,4,0.6337209302325582,0.3731343283582089
